,pdb_id,target
0,1ADQ,['DL50Y']
1,1G9M,['LH55F']
2,1G9N,['LH55F']
3,1GC1,['LH55F']
4,1H0D,"['SB52Y', 'SB52AG', 'GB53S']"
5,1NL0,"['AH33G', 'SH52R']"
6,1RZJ,['LH54F']
7,1RZK,['LH54F']
8,1TJG,['DH54N']
9,1TJH,['DH54N']
10,1TJI,['DH54N']
11,1U8H,['DB54N']
12,1U8I,['DB54N']
13,1U8J,['DB54N']
14,1U8K,['DB54N']
15,1U8L,['DB54N']
16,1U8M,['DB54N']
17,1U8N,['DB54N']
18,1U8O,['DB54N']
19,1U8P,['DB54N']
20,1U8Q,['DB54N']
21,1U91,['DB54N']
22,1U92,['DB54N']
23,1U93,['DB54N']
24,1U95,['DB54N']
25,2B0S,['RL50S']
26,2B1A,['RL50S']
27,2B1H,['RL50S']
28,2B4C,"['FH54L', 'TH56I']"
29,2CMR,"['AH33T', 'GH50R', 'FH54L', 'TH56I', 'EH73K']['KL50D']"
30,2DD8,"['TH33A', 'GH50R', 'LH54F', 'IH56T']"
31,2EIZ,"['SB31Y', 'YB33S', 'YB50R', 'YB53T', 'YB58N']"
32,2EKS,"['SB31Y', 'YB33S', 'YB50R', 'YB53T', 'YB58N']"
33,2F5B,['DH56N']
34,2FX7,"['AH33T', 'GH50R', 'LH54F', 'IH56T']"
35,2H32,['GH42R']
36,2NXY,['LD3055F']
37,2NXZ,['LD3055F']
38,2NY0,['LD3055F']
39,2NY1,['LD3055F']
40,2NY2,['LD3055F']
41,2NY3,['LD3055F']
42,2NY4,['LD3055F']
43,2NY5,['LH3055F']
44,2NY6,['LD3055F']
45,2P8L,['DB54N']
46,2P8M,['DB54N']
47,2P8P,['DB54N']
48,2PW1,['DB54N']
49,2PW2,['DB54N']
50,2R0K,['RH94K']
51,2UZI,['SH33E']
52,2VH5,['SH33E']
53,2VXQ,['GH32S']
54,2WUC,['GH54C']
55,2XQB,['RL50S']
56,2XRA,"['AH33T', 'FH54L', 'IH56T']"
57,2XTJ,"['LD55F', 'ID57T']"
58,2XWT,['DB50E']
59,2YSS,"['SB31Y', 'YB33S', 'YB50R', 'YB53T', 'YB58N']"
60,3B2V,"['GH32Y', 'DH33Y', 'DH33G', 'YH35S']"
61,3D0L,['AA32S']['DB54N']
62,3D0V,['DB54N']
63,3DRO,['DB54N']
64,3DRQ,['DB54N']
65,3DRT,['DB54N']
66,3DVG,"['SA30I', 'AA32S']"
67,3EGS,['DB56N']
68,3FN0,"['YH32W', 'YH32H', 'YH33S', 'YH53T']"
69,3GBN,"['FH54L', 'TH56I']"
70,3GHE,"['GL29S', 'YL32L']"
71,3GO1,"['YH33S', 'YH50R', 'NH58Y']"
72,3GRW,['YH52S']
73,3IDG,['AA32S']['DB54N']
74,3IDI,['DB54N']
75,3IDJ,['DB54N']
76,3IDN,['DB54N']
77,3IDX,['AH33G']
78,3K2U,['GH54C']
79,3KR3,"['VH50A', 'SH52Y', 'SH53G', 'SH54G', 'GH56S']"
80,3L5X,['DH56N']
81,3L5Y,['DH56N']
82,3LEV,['DH54N']
83,3LZF,"['GH33E', 'LH50R']"
84,3MA9,"['AH33T', 'FH54L', 'TH56I', 'EH73K']"
85,3MAC,"['AH33T', 'FH54L']"
86,3MLZ,"['SH30Y', 'YH53T']['EL50D']"
87,3MOA,['DH54N']
88,3MOB,['DH54N']
89,3MOD,['DH54N']
90,3N85,['SH58T']
91,3NPS,['FB54L']
92,3PGF,"['SH54G', 'YH56T']"
93,3Q1S,"['YH32W', 'YH32H', 'YH33S', 'YH53T']"
94,3R1G,['SH52Y']
95,3SE8,['WH50R']
96,3SE9,['WH50R']
97,3SO3,"['AC50V', 'SC52Y', 'GC52AS', 'SC53G', 'GC55S']"
98,3U7Y,"['WH50R', 'MH69S']"
99,3UJJ,['EL50K']
100,3W9E,"['FA55L', 'KA74E']"
101,4AL8,['RL30S']
102,4DAG,['GH54C']
103,4DGV,['WH52S']
104,4DGY,['WH52S']
105,4DN4,['FH55L']
106,4EDW,"['YH32S', 'YH32W']"
107,4ERS,"['SL10A', 'LL11M']"
108,4FQI,['FH54L']
109,4FQJ,['RL50S']
110,4FQY,['FH54L']
111,4G6J,"['WH52S', 'RH98K']"
112,4G6M,['DH56N']
113,4G7V,"['SL30I', 'AL32S']"
114,4G7Y,"['SL30I', 'AL32S']"
115,4H8W,['SH53G']
116,4HF5,['SH31R']
117,4HFU,"['FH54L', 'EH73K']"
118,4HHA,"['GB33A', 'SB52R', 'RB94K']"
119,4HKX,['WA50R']
120,4HPY,['EL50K']
121,4HS8,['NH58Y']
122,4I3R,['WH50R']
123,4I3S,['WH50R']
124,4IDJ,"['LH54F', 'TH56I', 'KH73E']"
125,4J6R,['WH50R']
126,4JB9,['WH50R']
127,4JDT,"['WH50R', 'QH61H', 'MH69S']"
128,4JHW,['LH54F']
129,4JKP,['WH50R']
130,4JPV,['WH50R']
131,4KHT,"['AH33T', 'FH54L', 'TH56I']"
132,4KHX,"['AH33T', 'FH54L']"
133,4LSP,['WH50R']
134,4LSQ,['WH50R']
135,4LSR,['WH50R']
136,4LSU,['WH50R']
137,4LSV,['WH50R']
138,4M5Z,['DL50Y']
139,4N0Y,['IH51S']
140,4NGH,"['AH33T', 'GH50R', 'IH56T']"
141,4NHC,"['AH33T', 'GH50R', 'IH56T']"
142,4NZR,"['QH1R', 'GH26S']"
143,4NZT,"['AL43G', 'PL59L']"
144,4O58,['FH54L']
145,4OGX,['KL50D']
146,4OQT,"['SH54G', 'GH56S']"
147,4OT1,['DL51E']
148,4P59,"['AH50V', 'SH53G']"
149,4PS4,['DH56N']
150,4PY8,['RI98K']
151,4R4F,"['GH31W', 'EH50Y', 'YH59N']"
152,4R4H,"['GH31W', 'EH50Y', 'HH53Y', 'YH59N']"
153,4R8W,['DL61A']
154,4RFO,"['GH33S']['GL29S', 'YL32L']"
155,4RQS,['LD54F']
156,4RWY,['NH30T']
157,4S1Q,"['WH50R', 'MH69S']"
158,4S1R,['WH50R']
159,4S1S,['WH50R']
160,4TSA,['GH54C']
161,4TSB,['GH54C']
162,4TSC,['GH54C']
163,4UV7,"['GH53S', 'GH54S']['HL31Y']"
164,4WY7,"['AH33T', 'GH50R', 'LH54F', 'IH56T']"
165,4XAW,"['AH33T', 'GH50R', 'LH54F', 'IH56T']"
166,4XBE,"['AH33T', 'GH50R', 'LH54F', 'IH56T']"
167,4XC1,"['AH33T', 'GH50R', 'LH54F', 'IH56T']"
168,4XC3,"['AH33T', 'GH50R', 'LH54F', 'IH56T']"
169,4XI5,"['AD33G', 'VD50F', 'SD52R']"
170,4XMP,['WH50R']
171,4XNY,"['WH50R', 'QH61H', 'MH69S']"
172,4XVJ,"['AH50V', 'SH52Y', 'SH53G', 'SH54G']['DL51E']"
173,4XVS,"['WH50R', 'QH62H']"
174,4XVT,"['WH50R', 'QH62H']"
175,4XWG,['WH52S']
176,4YDI,"['WH50R', 'HH61Q']"
177,4YDK,['GH55S']
178,4Z0X,"['GB75R', 'FB80L', 'TB82I']"
179,5BVP,"['WH52S', 'RH98K']"
180,5C0S,"['FH54L', 'TH56I']"
181,5C6T,['QH1R']['RL51S']
182,5CD5,['WC50R']
183,5CIL,"['AH33T', 'GH50R', 'LH54F', 'IH56T']"
184,5CIN,"['AH33T', 'GH50R', 'LH54F', 'IH56T']"
185,5CJQ,['FH54L']
186,5CZV,['TH33A']
187,5D70,['SH52Y']
188,5D71,['SH52Y']
189,5DWU,"['SH53G', 'SH54G', 'GH56S']"
190,5EA0,"['GH33A', 'VH50F', 'SH52R']"
191,5ERW,"['GA50R', 'FA55L', 'TA57I']['DB49Y']"
192,5F45,['EH33S']
193,5F96,['NH30T']
194,5F9O,['NH30T']
195,5FGC,"['AE50V', 'SE52Y', 'SE53G']"
196,5GGT,['FH55L']
197,5GGV,['WH52S']
198,5GHW,['RH50C']
199,5GJS,"['SH31N', 'YH32S', 'YH32W', 'YH33N', 'YH33W', 'RH50E', 'RH50Y']['KL50D']"
200,5GJT,"['SH31N', 'YH32S', 'YH32W', 'YH33N', 'YH33W', 'RH50E', 'RH50Y']['KL50D']"
201,5GMQ,"['AB30T', 'RB47G', 'LB52F', 'KB71E']"
202,5GRJ,"['YH52S', 'SH54G', 'GH56S']['YL34L', 'DL52E']"
203,5HHV,"['SH52Y', 'SH53G', 'GH55S']"
204,5HHX,"['SH53G', 'GH55S']"
205,5I8C,['WA50R']
206,5IES,"['WH50R', 'QH61H']"
207,5IGX,"['WH50R', 'QH61H']"
208,5IQ7,['RH50C']
209,5J13,"['DB52Y']['WC55S', 'RC101K']"
210,5KJR,"['GH33S']['GL29S', 'YL32L']"
211,5L6Y,['DL50Y']
212,5MES,['SH50Y']
213,5MEV,['SH50Y']
214,5O4G,['TB30N']
215,5OCC,"['SH52Y', 'GH53S', 'SH54G', 'GH56S']"
216,5OCK,['DL51E']
217,5SY8,['RH50C']
218,5T29,"['RH50C', 'DH58N']"
219,5T33,['WH52S']['EL50K']
220,5T80,"['RH50C', 'DH58N']"
221,5T85,['RH50C']
222,5TE4,['WH50R']
223,5TE6,['WH50R']
224,5TE7,['WH50R']
225,5TFW,['RH50C']
226,5U3J,['DH53N']
227,5U3M,['DH53N']
228,5U3N,['DH53N']
229,5U3O,['DH53N']
230,5UCB,"['SL30I', 'AL32S']"
231,5UEK,"['SL30I', 'AL32S']"
232,5UWE,['FH54L']
233,5VAG,"['FC55L', 'TC57I']"
234,5VL7,"['SH52Y']['SL30I', 'AL32S']"
235,5VOB,"['FH50V', 'SH52R']"
236,5VOC,"['FH50V', 'SH52R']"
237,5VOD,['YL31H']
238,5VZY,['SH52AG']
239,5W42,['FH54L']
240,5WB9,['WH50R']
241,5WHK,"['SH53G', 'SH54G', 'GH56S']"
242,5WT9,['WH52S']
243,5X08,"['AH33T', 'GH50R', 'LH54F', 'IH56T']"
244,5XKU,['GC29S']
245,5XWD,['YD50D']['SH30G']
246,5XXY,['SH52Y']
247,5Y2L,['GI45A']
248,5Y9J,"['FH55L', 'TH57I']"
249,6AL5,['EH74K']
250,6AOD,"['RA30S', 'DA32Y', 'GA34A']['WB50R', 'QB62H']"
251,6APB,"['GH33E', 'RH50L', 'YH58F', 'YH58H']"
252,6AXK,"['HA35Y', 'WA52S', 'RA94K']"
253,6B08,['YB50D']['WC50R']
254,6B0A,"['SH52Y', 'GH53S', 'SH54G']"
255,6B0G,['YC27DH']
256,6BCK,['WH50R']
257,6BKB,"['FH54L', 'TH56I']"
258,6BKC,['FH54L']
259,6BKD,"['FH54L', 'TH56I']"
260,6BLH,"['WH52S', 'RH94K']"
261,6BQB,"['HH35Y', 'WH52S', 'KH94R']"
262,6C5V,['YL49D']
263,6CBV,['SH58G']
264,6CMG,"['LC55F', 'IC57T']"
265,6CMI,"['LD55F', 'ID57T']"
266,6CO3,['WH52S']
267,6D0X,"['SA31R', 'WA52S']"
268,6D2P,"['WH50R', 'QH62H']"
269,6DB6,['IH51S']['EL50K']
270,6DC3,"['GL29S', 'YL32L', 'DL50E', 'VL51G']"
271,6DFI,"['YH32W', 'YH32H', 'YH33S']"
272,6DFJ,"['GH27I', 'YH32W', 'YH32H', 'YH33S']"
273,6E4X,['YZ34W']
274,6FGB,['GH26A']['YL37D']
275,6GG0,['GH33S']
276,6GV4,['SH52Y']
277,6H2Y,['FH55L']['YL49D']
278,6IUT,"['SH30N', 'YH49E', 'YH49R', 'TH72K']"
279,6IVZ,"['GH27S', 'GH28I', 'YH31S', 'HH33Y', 'HH33W', 'YH54T']"
280,6IW0,"['GH27S', 'GH28I', 'YH31S', 'HH33Y', 'HH33W', 'YH54T']"
281,6JSZ,['TD218S']
282,6MEH,['AH33T']
283,6MEI,['EH73K']
284,6MF7,['IH52F']
285,6MJZ,"['SH31Y', 'YH32W', 'YH32H', 'YH33S', 'YH53T']"
286,6MLK,"['SH32Y', 'GH33W', 'YH34S', 'NH54Y', 'NH54I', 'HH55Y']"
287,6MTO,"['TH33A', 'GH50R', 'LH54F']"
288,6MTQ,"['TH33A', 'LH54F', 'KH73E']"
289,6MTT,"['TH33A', 'GH50R', 'LH54F', 'IH56T', 'AH71T']"
290,6NMV,"['SH52Y', 'SH54G']"
291,6NN3,['RH68L']
292,6O24,['WA52S']
293,6O26,['WA52S']
294,6O2C,['AA33P']
295,6O39,"['YB52S', 'SB52AG', 'SB53G', 'GB55S']"
296,6O3A,['YB50S']
297,6OCB,['YH34W']
298,6OKM,['TH30N']
299,6OZ2,['WH50R']
300,6OZ3,['WH50R']
301,6OZ4,['WH50R']
302,6OZ9,"['YH32S', 'YH32W', 'YH50E', 'YH50R']"
303,6PDU,['HL30AY']
304,6PWU,['GH26A']
305,6PZE,['DL50E']
306,6Q0E,"['SH31N', 'SH32W', 'SH32Y', 'HH54T']"
307,6Q0H,"['SH31N', 'SH32W', 'SH32Y', 'WH34S', 'HH54T']"
308,6Q0I,"['SH31N', 'SH32W', 'SH32Y', 'NH33W', 'NH33Y', 'WH34S', 'HH54T']"
309,6Q0L,"['GH26S', 'GH27I', 'SH31N', 'SH32W', 'SH32Y', 'NH33W', 'NH33Y', 'WH34S', 'HH54T']"
310,6Q0O,"['SZ31N', 'SZ32W', 'SZ32Y', 'WZ34S', 'HZ54T']"
311,6Q18,"['GH26S', 'GH27I', 'SH31N', 'SH32W', 'SH32Y', 'NH33W', 'NH33Y', 'WH34S', 'HH54T']"
312,6QB6,['SH50Y']
313,6R2S,"['KA69D']['GB45S', 'GB46Y']"
314,6TOU,"['SA33G', 'YA50C']"
315,6U1N,"['SL31I', 'AL33S']"
316,6U36,['TL69R']
317,6U38,['TL69R']
318,6UCE,['WH50R']
319,6UCF,['WH50R']
320,6UJ9,"['SH52Y', 'GH54S']"
321,6ULC,['GH26A']
322,6ULF,['WA52S']
323,6UOE,"['SH52R', 'RH94K']"
324,6UYF,['FH54L']
325,6UYN,"['FH55L', 'TH57I']"
326,6VBO,['HL27DY']
327,6VC9,"['NH31S', 'YH33N', 'YH33W', 'RH50E', 'RH50Y']"
328,6VJN,"['YH32W', 'YH32H', 'RH50Y', 'YH58N']"
329,6VJT,"['RH31S', 'WH52S']"
330,6VLN,['WH52S']
331,6VUG,['WD55S']
332,6VY5,"['SH52Y', 'GH53S', 'SH54G', 'GH56S']"
333,6VY6,"['SH52Y', 'GH53S', 'SH54G', 'GH56S']"
334,6W00,['WH52S']
335,6W05,['WH52S']
336,6W16,"['GH27A', 'GH38A']"
337,6W4M,['FH54L']
338,6W52,['FH54L']
339,6W7S,['GH28A']
340,6WFX,"['SH31R', 'WH52S']"
341,6WFY,"['DH31Y', 'AH33P']"
342,6WG0,['WH50R']
343,6WGL,"['SA52Y', 'SA54G']"
344,6WHK,['DB51E']
345,6WO3,"['FH54L', 'EH73K']"
346,6WO4,"['FH54L', 'TH56I']"
347,6XPQ,['VB2L']
348,6XPX,"['VB50F', 'SB52R']"
349,6XPY,"['GB26S', 'GB27I', 'YB32S', 'YB32W']"
350,6XQW,['EH50Y']['RL50S']
351,6XY2,"['YH50R', 'YH53T', 'NH58Y']"
352,6XZW,['DL61A']
353,6Y97,"['RH50G', 'KH74E']"
354,6Y9A,['RH50G']
355,6YIO,"['KL50D']['AH33T', 'FH55L', 'EH74K']"
356,6YWD,"['GA41E', 'HA68Y', 'HA68F']['DB57K']"
357,6YXK,['WA50R']
358,7A3N,['DL50E']
359,7A3O,['DL50E']
360,7A3U,"['DL50E', 'VL51G']"
361,7AHV,['KB50D']
362,7AZB,"['SB74Y', 'AB84G']"
363,7B3O,['GH54C']
364,7BBG,"['FH55L', 'TH57I']['DL50K']"
365,7BEH,['WH50R']
366,7BYR,['KL50D']
367,7CDI,['GH54C']
368,7CDJ,"['GH55S', 'TH57Y', 'YH59N']"
369,7CE2,"['YZ33S', 'YZ50R', 'YZ53T', 'NZ58Y']"
370,7CHZ,['GH56S']
371,7CM4,"['GH33E', 'YH60F', 'YH60H', 'KH66N', 'RH99H']['DL51E']"
372,7CR5,"['VH50F', 'SH52R']"
373,7CWO,"['AH33G', 'VH50F', 'SH52R', 'RH98K']"
374,7D0B,['DH56N']
375,7D5B,['TD218S']
376,7D5U,['TD218S']
377,7DAA,['DL51K']
378,7DHA,"['SC52Y', 'GC53S', 'SC54G', 'GC56S']"
379,7DJZ,"['RA50G', 'LA55F', 'IA57T', 'KA74E']"
380,7DK0,"['RA50G', 'FA55L']"
381,7DM2,['RL54S']
382,7DUO,"['SH52Y', 'GH53S', 'SH54G', 'GH56S']"
383,7DX4,"['AH34T', 'IH58T', 'KH75E']['TL71A']"
384,7E23,"['AB23G', 'VB24G', 'YB25S', 'GB26F', 'FB29V', 'FB29Y', 'SB30Y', 'YB32S']"
385,7E39,"['SC31R', 'HC35Y', 'WC52S']"
386,7E3B,"['SB31Y', 'YB32W', 'YB32H', 'YB33S', 'YB50R', 'YB53T', 'NB58Y']"
387,7E3O,"['GH26A', 'RH97K']"
388,7E5O,"['EH50Y', 'NH52Y', 'NH52I', 'YH59N']['YL33D']"
389,7E8M,['GH54C']
390,7E9B,['YH59N']
391,7EKB,"['AH33T', 'GH50R', 'LH54F', 'IH56T']"
392,7EKK,"['AH33T', 'GH50R', 'LH54F', 'IH56T']"
393,7ENF,['SP52R']
394,7ENG,['SH52R']
395,7EOW,['SB53Y']
396,7EPU,['DA773Y']
397,7EY4,['YH59N']
398,7F15,['IB51S']
399,7F1G,['TD218S']
400,7F62,"['YH57T', 'NH59Y']['YL97R']"
401,7F7E,['SC68G']
402,7F9W,"['AB33T', 'RB50G', 'FB55L']"
403,7FCQ,['EL52D']
404,7FG2,"['SD53Y', 'GD62A']"
405,7FG3,['SD53Y']
406,7FJC,['DL50K']
407,7JV2,['SL78L']
408,7K8U,"['GH26F', 'GH27S', 'SH28T', 'SH28G', 'GH31W', 'YH32S', 'EH50Y', 'NH52Y', 'NH52I', 'HH53Y']"
409,7K8Y,['WG50R']
410,7KCR,"['FH50V', 'RH52S']"
411,7KET,"['SA52Y', 'SA54G', 'GA56S']"
412,7KPG,"['SH52Y', 'SH53G']"
413,7KQL,['SH30G']
414,7KRA,"['YI27S', 'GI28F', 'GI29S', 'SI30T', 'SI30G', 'FI31V', 'FI31Y', 'SI32Y', 'GI33W', 'YI34S', 'NI54Y', 'NI54I', 'HI55Y']"
415,7KTX,"['YI27S', 'GI28F', 'GI29S', 'SI30T', 'SI30G', 'FI31V', 'FI31Y', 'SI32Y', 'GI33W', 'YI34S', 'NI54Y', 'NI54I', 'HI55Y']"
416,7L3N,"['AD33T', 'RD50G', 'LD55F', 'ID57T', 'KD74E']"
417,7L5B,['WH50R']
418,7LCV,"['SA52Y', 'SA54G', 'GA56S']"
419,7LJR,"['RS69G', 'FS74L', 'IS76T']"
420,7LO8,"['SH78Y', 'SH80G']['QL114C']"
421,7LQW,"['FH54L', 'TH56I']"
422,7LSS,"['DH54N']['YL32L', 'DL50E']"
423,7LXW,['WH52S']['DL49Y']
424,7LY0,"['SH31R', 'HH35Y', 'WH52S']"
425,7M71,"['VH50F', 'SH52R', 'RH98K']"
426,7M7B,['HH53Y']
427,7M7E,"['DC33Y', 'AC35P']"
428,7MDP,"['GH26S', 'GH27I', 'SH31N', 'SH32W', 'SH32Y', 'NH33W', 'NH33Y', 'HH53T']"
429,7MF1,"['FH54L', 'EH73K']['DL50E']"
430,7MRZ,"['SX28Y', 'SX30G']"
431,7MZF,['GH54C']
432,7MZG,['GH54C']
433,7MZI,"['AH50V', 'SH52Y']"
434,7MZL,"['GH26F', 'TH28S', 'TH28G', 'SH30Y', 'GH31W', 'YH32S', 'EH50Y']"
435,7MZM,"['SH55G', 'TH58I', 'NH59Y']"
436,7N0A,"['FB29C', 'KB52E', 'DB56N']"
437,7N3D,"['SH31Y', 'YH33S', 'YH50R']"
438,7N4I,['SH75P']
439,7N4L,"['VH50F', 'SH52R']"
440,7N4N,['TD218S']
441,7N8I,"['GH33A', 'RH52S']"
442,7NCS,['YH50S']
443,7ND0,['YH50S']
444,7ND3,['GH54C']
445,7ND8,"['TH57Y', 'YH59N']"
446,7OLY,"['SH28Y', 'SH30G']"
447,7OW1,"['SH31R', 'HH35Y', 'WH52S']"
448,7OXN,"['SH31R', 'HH35Y', 'WH52S']"
449,7PRZ,"['GH26A', 'KH98R']"
450,7RAL,"['RH50G', 'KH74E']"
451,7RP3,"['GH26S', 'GH27I', 'SH31N', 'SH32W', 'SH32Y', 'NH33W', 'NH33Y', 'HH53T']"
452,7RQQ,['WH52S']
453,7RU4,"['AH33T', 'LH54F', 'IH56T', 'KH73E']"
454,7RU8,"['AH33T', 'GH50R']"
455,7RXI,['DL50Y']
456,7S0E,['SH52Y']
457,7S5P,['DL50Y']
458,7S6L,"['RH50G', 'LH54F']"
459,7SBU,"['RH50G', 'LH54F']"
460,7SD5,"['QH1R', 'GH26S', 'GH27Y', 'SH28Y']"
461,7SIX,"['TH75K', 'TH75P']"
462,7SJS,"['AH50V', 'SH52Y', 'GH53S', 'GH55S']['EL50K', 'AL96T']"
463,7SK6,"['SF55Y', 'SF57G']"
464,7SK9,"['SF55Y', 'SF57G']"
465,7SN2,['WH52S']
466,7SO5,"['SH30Y', 'NH52Y', 'NH52I', 'YH53H']"
467,7SOA,"['GH26A', 'RH52S']"
468,7SOD,"['GH26A', 'GH33A', 'RH52S']"
469,7SSC,"['SH52R', 'RH94K']"
470,7STR,"['SH31Y', 'YH33S', 'YH50R', 'YH53T']"
471,7SU1,"['FH50V', 'SH52R']"
472,7SWO,['GH54C']
473,7SWP,"['GH26A', 'RH98K']"
474,7T01,['DH56N']
475,7T0Z,"['SH52Y', 'GH53S', 'SH54G']"
476,7T5O,['DL49Y']
477,7T72,['GH54C']
478,7T73,"['TH52CA', 'DH53N']"
479,7T76,"['GH26A', 'RH94K']"
480,7T77,['GH26A']
481,7TAS,['WH53G']
482,7THE,"['RB50G', 'FB54L', 'IB56T', 'KB73E']"
483,7TLZ,"['GB26A', 'RB52S']"
484,7TPG,['RH101K']
485,7TPJ,['RH101K']
486,7TTM,"['QH1R', 'GH26S', 'GH27Y', 'SH28Y']"
487,7TTX,"['QH1R', 'GH26S', 'GH27Y', 'SH28Y', 'SH30G']"
488,7TTY,"['QH1R', 'GH26S', 'GH27Y', 'SH28Y', 'SH30G']"
489,7U8J,['GH55S']
490,7U8L,['GH55S']
491,7U9O,['WH50R']
492,7U9P,"['SH31R', 'WH52S']"
493,7UAQ,['GH54S']
494,7UCX,['YL31H']
495,7V27,['YA34L']['DB56N']
496,7VKE,['AB61T']
497,7VNB,['YA52S']
498,7VNC,['YV52S']
499,7VNG,['QL90C']
500,7VUX,['SH52Y']
501,7WBZ,['GH54C']
502,7WE8,"['DH56N']['GL32S', 'YL35L', 'EL53D', 'NL63D']"
503,7WEE,['DH56N']['YL35L']
504,7WH8,"['RB50G', 'FB55L', 'TB57I']"
505,7WLC,"['TH33A', 'RH50G']"
506,7WOC,"['LA55F', 'IA57T', 'KA74E']"
507,7WOG,"['SA52Y', 'SA54G', 'GA56S']"
508,7WON,['RH98K']
509,7WP0,['RH98K']
510,7WP1,['RH98K']
511,7WP2,['RH98K']
512,7WP5,['RH98K']
513,7WRJ,['DA56N']
514,7WSL,"['SH52Y', 'GH53S', 'GH54S', 'SH56G']"
515,7WTG,"['AH33T', 'GH50R', 'FH55L', 'TH57I']['RL30S', 'DL32Y']"
516,7WTH,"['DH56N']['YL34L', 'EL52D']"
517,7WVG,['SC82R']
518,7X26,"['RH50G', 'LH55F', 'IH57T', 'KH74E']"
519,7X2A,"['RH50G', 'LH55F', 'IH57T', 'KH74E']"
520,7X8W,['WH50R']
521,7X90,"['VE50F', 'SE52R']"
522,7X92,['WH52S']
523,7XCP,"['SH31N', 'TH57P']"
524,7XNF,['GH54C']
525,7XW7,['DB50E']
526,7XXL,['YC34L']
527,7YDI,"['AH33T', 'LH55F', 'IH57T']['TL71A']"
528,7YDY,"['AH33T', 'LH55F', 'IH57T', 'KH74E']['TL71A']"
529,7YE5,"['AH33T', 'LH55F', 'IH57T', 'KH74E']['TL71A']"
530,7YKJ,['DD61A']
531,7YUE,"['AA52V', 'SA54Y']"
532,7YXU,"['SH52Y', 'SH53G', 'GH54S']"
533,7Z0Y,"['AH33G', 'VH50F', 'SH52R']"
534,7ZBU,"['GH33A', 'VH50F', 'SH52R']"
535,7ZR8,"['TH33A', 'RH50G', 'KH74E']['DL50K']"
536,8D36,['RH50W']
537,8DCE,['YH190L']
538,8DFH,['RH52S']['RL51S']
539,8DFI,"['FH50V', 'RH52S']['RL51S']"
540,8DI5,['YH52S']
541,8DLR,['LH74F']
542,8DLX,"['GH26A', 'RH97K']"
543,8DWA,['GH50R']
544,8DXT,"['GH53S', 'SH54G', 'GH56S']['DL50K']"
545,8E7M,"['SH52Y', 'GH53S', 'SH54G']['SL30R', 'YL32D']"
546,8ERQ,"['DH56N']['YL35L', 'EL53D']"
547,8GV5,['SC82R']
548,8GV7,['SC82R']
