,pdb_id,target,chain_id
0,4JPV,['WH50R'],H
1,4OGX,['KL50D'],L
2,4IDJ,"['LH54F', 'TH56I', 'KH73E']",H
3,2B1A,['RL50S'],L
4,1TJI,['DH54N'],H
5,1TJH,['DH54N'],H
6,1TJG,['DH54N'],H
7,4TSB,['GH54C'],H
8,7RXI,['DL50Y'],L
9,6CMI,"['LD55F', 'ID57T']",D
10,6CMG,"['LC55F', 'IC57T']",C
11,6OZ3,['WH50R'],H
12,1H0D,"['SB52Y', 'SB52AG', 'GB53S']",B
13,7XNF,['GH54C'],H
14,6W52,['FH54L'],H
15,4TSA,['GH54C'],H
16,4TSC,['GH54C'],H
17,7E5O,"['EH50Y', 'NH52Y', 'NH52I', 'YH59N']",H
18,7E5O,['YL33D'],L
19,7WP2,['RH98K'],H
20,7WP0,['RH98K'],H
21,7WP1,['RH98K'],H
22,5CD5,['WC50R'],C
23,6OZ4,['WH50R'],H
24,7TLZ,"['GB26A', 'RB52S']",B
25,7SU1,"['FH50V', 'SH52R']",H
26,3GO1,"['YH33S', 'YH50R', 'NH58Y']",H
27,7KRA,"['YI27S', 'GI28F', 'GI29S', 'SI30T', 'SI30G', 'FI31V', 'FI31Y', 'SI32Y', 'GI33W', 'YI34S', 'NI54Y', 'NI54I', 'HI55Y']",I
28,7KET,"['SA52Y', 'SA54G', 'GA56S']",A
29,7WRJ,['DA56N'],A
30,7E3B,"['SB31Y', 'YB32W', 'YB32H', 'YB33S', 'YB50R', 'YB53T', 'NB58Y']",B
31,7E39,"['SC31R', 'HC35Y', 'WC52S']",C
32,8DLX,"['GH26A', 'RH97K']",H
33,8DLR,['LH74F'],H
34,7EKB,"['AH33T', 'GH50R', 'LH54F', 'IH56T']",H
35,7EKK,"['AH33T', 'GH50R', 'LH54F', 'IH56T']",H
36,7BYR,['KL50D'],L
37,7N8I,"['GH33A', 'RH52S']",H
38,6PWU,['GH26A'],H
39,7SBU,"['RH50G', 'LH54F']",H
40,4NHC,"['AH33T', 'GH50R', 'IH56T']",H
41,7AHV,['KB50D'],B
42,6C5V,['YL49D'],L
43,6D2P,"['WH50R', 'QH62H']",H
44,4RFO,['GH33S'],H
45,4RFO,"['GL29S', 'YL32L']",L
46,6WO4,"['FH54L', 'TH56I']",H
47,6WO3,"['FH54L', 'EH73K']",H
48,6NMV,"['SH52Y', 'SH54G']",H
49,5TE4,['WH50R'],H
50,6UYN,"['FH55L', 'TH57I']",H
51,5TE7,['WH50R'],H
52,6BLH,"['WH52S', 'RH94K']",H
53,5T85,['RH50C'],H
54,5T80,"['RH50C', 'DH58N']",H
55,7BEH,['WH50R'],H
56,7EOW,['SB53Y'],B
57,2UZI,['SH33E'],H
58,6U36,['TL69R'],L
59,4XVJ,"['AH50V', 'SH52Y', 'SH53G', 'SH54G']",H
60,4XVJ,['DL51E'],L
61,4XVS,"['WH50R', 'QH62H']",H
62,4XVT,"['WH50R', 'QH62H']",H
63,7RAL,"['RH50G', 'KH74E']",H
64,5GMQ,"['AB30T', 'RB47G', 'LB52F', 'KB71E']",B
65,6O2C,['AA33P'],A
66,6O26,['WA52S'],A
67,6O24,['WA52S'],A
68,5F45,['EH33S'],H
69,6CO3,['WH52S'],H
70,6UCF,['WH50R'],H
71,5VL7,['SH52Y'],H
72,5VL7,"['SL30I', 'AL32S']",L
73,5MEV,['SH50Y'],H
74,5MES,['SH50Y'],H
75,4M5Z,['DL50Y'],L
76,4HS8,['NH58Y'],H
77,7U9P,"['SH31R', 'WH52S']",H
78,7U9O,['WH50R'],H
79,7DUO,"['SH52Y', 'GH53S', 'SH54G', 'GH56S']",H
80,4H8W,['SH53G'],H
81,7E9B,['YH59N'],H
82,4HPY,['EL50K'],L
83,2PW2,['DB54N'],B
84,2PW1,['DB54N'],B
85,6VLN,['WH52S'],H
86,5FGC,"['AE50V', 'SE52Y', 'SE53G']",E
87,7S5P,['DL50Y'],L
88,5C6T,['QH1R'],H
89,5C6T,['RL51S'],L
90,2CMR,"['AH33T', 'GH50R', 'FH54L', 'TH56I', 'EH73K']",H
91,2CMR,['KL50D'],L
92,5BVP,"['WH52S', 'RH98K']",H
93,2XTJ,"['LD55F', 'ID57T']",D
94,8GV5,['SC82R'],C
95,8GV7,['SC82R'],C
96,4S1Q,"['WH50R', 'MH69S']",H
97,4S1R,['WH50R'],H
98,4S1S,['WH50R'],H
99,7E3O,"['GH26A', 'RH97K']",H
100,3SE9,['WH50R'],H
101,5J13,['DB52Y'],B
102,5J13,"['WC55S', 'RC101K']",C
103,4AL8,['RL30S'],L
104,5C0S,"['FH54L', 'TH56I']",H
105,4DN4,['FH55L'],H
106,7T01,['DH56N'],H
107,7LY0,"['SH31R', 'HH35Y', 'WH52S']",H
108,4J6R,['WH50R'],H
109,3U7Y,"['WH50R', 'MH69S']",H
110,3MLZ,"['SH30Y', 'YH53T']",H
111,3MLZ,['EL50D'],L
112,6IUT,"['SH30N', 'YH49E', 'YH49R', 'TH72K']",H
113,7ND3,['GH54C'],H
114,7V27,['YA34L'],A
115,7V27,['DB56N'],B
116,7SD5,"['QH1R', 'GH26S', 'GH27Y', 'SH28Y']",H
117,7OXN,"['SH31R', 'HH35Y', 'WH52S']",H
118,7T72,['GH54C'],H
119,7T73,"['TH52CA', 'DH53N']",H
120,7T76,"['GH26A', 'RH94K']",H
121,7T77,['GH26A'],H
122,6DB6,['IH51S'],H
123,6DB6,['EL50K'],L
124,7KQL,['SH30G'],H
125,3N85,['SH58T'],H
126,6WG0,['WH50R'],H
127,6WGL,"['SA52Y', 'SA54G']",A
128,7MDP,"['GH26S', 'GH27I', 'SH31N', 'SH32W', 'SH32Y', 'NH33W', 'NH33Y', 'HH53T']",H
129,6XZW,['DL61A'],L
130,4XI5,"['AD33G', 'VD50F', 'SD52R']",D
131,7ZR8,"['TH33A', 'RH50G', 'KH74E']",H
132,7ZR8,['DL50K'],L
133,7B3O,['GH54C'],H
134,6VJT,"['RH31S', 'WH52S']",H
135,6ULF,['WA52S'],A
136,6ULC,['GH26A'],H
137,7YKJ,['DD61A'],D
138,7T5O,['DL49Y'],L
139,7M71,"['VH50F', 'SH52R', 'RH98K']",H
140,6MLK,"['SH32Y', 'GH33W', 'YH34S', 'NH54Y', 'NH54I', 'HH55Y']",H
141,7D5B,['TD218S'],D
142,7D5U,['TD218S'],D
143,7EY4,['YH59N'],H
144,6E4X,['YZ34W'],Z
145,2EKS,"['SB31Y', 'YB33S', 'YB50R', 'YB53T', 'YB58N']",B
146,7SJS,"['AH50V', 'SH52Y', 'GH53S', 'GH55S']",H
147,7SJS,"['EL50K', 'AL96T']",L
148,4OT1,['DL51E'],L
149,7VNG,['QL90C'],L
150,4HHA,"['GB33A', 'SB52R', 'RB94K']",B
151,6PZE,['DL50E'],L
152,6B0G,['YC27DH'],C
153,6B0A,"['SH52Y', 'GH53S', 'SH54G']",H
154,6B08,['YB50D'],B
155,6B08,['WC50R'],C
156,7MF1,"['FH54L', 'EH73K']",H
157,7MF1,['DL50E'],L
158,6AOD,"['RA30S', 'DA32Y', 'GA34A']",A
159,6AOD,"['WB50R', 'QB62H']",B
160,3PGF,"['SH54G', 'YH56T']",H
161,6FGB,['GH26A'],H
162,6FGB,['YL37D'],L
163,3GRW,['YH52S'],H
164,7VNC,['YV52S'],V
165,7VNB,['YA52S'],A
166,5CIN,"['AH33T', 'GH50R', 'LH54F', 'IH56T']",H
167,5CIL,"['AH33T', 'GH50R', 'LH54F', 'IH56T']",H
168,6VJN,"['YH32W', 'YH32H', 'RH50Y', 'YH58N']",H
169,7FCQ,['EL52D'],L
170,7F62,"['YH57T', 'NH59Y']",H
171,7F62,['YL97R'],L
172,5GGT,['FH55L'],H
173,5GGV,['WH52S'],H
174,2WUC,['GH54C'],H
175,6DFI,"['YH32W', 'YH32H', 'YH33S']",H
176,6DFJ,"['GH27I', 'YH32W', 'YH32H', 'YH33S']",H
177,7LSS,['DH54N'],H
178,7LSS,"['YL32L', 'DL50E']",L
179,1U8P,['DB54N'],B
180,1U8Q,['DB54N'],B
181,1U8J,['DB54N'],B
182,1U8K,['DB54N'],B
183,1U8H,['DB54N'],B
184,1U8I,['DB54N'],B
185,1U8N,['DB54N'],B
186,1U8O,['DB54N'],B
187,1U8L,['DB54N'],B
188,7SN2,['WH52S'],H
189,6OZ2,['WH50R'],H
190,7WBZ,['GH54C'],H
191,4R8W,['DL61A'],L
192,5HHV,"['SH52Y', 'SH53G', 'GH55S']",H
193,5HHX,"['SH53G', 'GH55S']",H
194,1U8M,['DB54N'],B
195,2B1H,['RL50S'],L
196,5Y2L,['GI45A'],I
197,2EIZ,"['SB31Y', 'YB33S', 'YB50R', 'YB53T', 'YB58N']",B
198,7FG2,"['SD53Y', 'GD62A']",D
199,7FG3,['SD53Y'],D
200,7Z0Y,"['AH33G', 'VH50F', 'SH52R']",H
201,4G7V,"['SL30I', 'AL32S']",L
202,4NGH,"['AH33T', 'GH50R', 'IH56T']",H
203,4JKP,['WH50R'],H
204,7RU4,"['AH33T', 'LH54F', 'IH56T', 'KH73E']",H
205,6CBV,['SH58G'],H
206,5X08,"['AH33T', 'GH50R', 'LH54F', 'IH56T']",H
207,7LQW,"['FH54L', 'TH56I']",H
208,7TAS,['WH53G'],H
209,5L6Y,['DL50Y'],L
210,8DWA,['GH50R'],H
211,5UWE,['FH54L'],H
212,4G7Y,"['SL30I', 'AL32S']",L
213,4DAG,['GH54C'],H
214,7WP5,['RH98K'],H
215,6JSZ,['TD218S'],D
216,6UJ9,"['SH52Y', 'GH54S']",H
217,6MJZ,"['SH31Y', 'YH32W', 'YH32H', 'YH33S', 'YH53T']",H
218,6W4M,['FH54L'],H
219,5ERW,"['GA50R', 'FA55L', 'TA57I']",A
220,5ERW,['DB49Y'],B
221,7M7B,['HH53Y'],H
222,7M7E,"['DC33Y', 'AC35P']",C
223,4XAW,"['AH33T', 'GH50R', 'LH54F', 'IH56T']",H
224,7THE,"['RB50G', 'FB54L', 'IB56T', 'KB73E']",B
225,8DXT,"['GH53S', 'SH54G', 'GH56S']",H
226,8DXT,['DL50K'],L
227,7YXU,"['SH52Y', 'SH53G', 'GH54S']",H
228,2XQB,['RL50S'],L
229,5F9O,['NH30T'],H
230,4HF5,['SH31R'],H
231,3FN0,"['YH32W', 'YH32H', 'YH33S', 'YH53T']",H
232,6OZ9,"['YH32S', 'YH32W', 'YH50E', 'YH50R']",H
233,7RQQ,['WH52S'],H
234,7N3D,"['SH31Y', 'YH33S', 'YH50R']",H
235,5F96,['NH30T'],H
236,4KHT,"['AH33T', 'FH54L', 'TH56I']",H
237,4KHX,"['AH33T', 'FH54L']",H
238,4HFU,"['FH54L', 'EH73K']",H
239,7CR5,"['VH50F', 'SH52R']",H
240,6VBO,['HL27DY'],L
241,5WHK,"['SH53G', 'SH54G', 'GH56S']",H
242,7DJZ,"['RA50G', 'LA55F', 'IA57T', 'KA74E']",A
243,2NXZ,['LD3055F'],D
244,7UAQ,['GH54S'],H
245,5DWU,"['SH53G', 'SH54G', 'GH56S']",H
246,5XKU,['GC29S'],C
247,6YWD,"['GA41E', 'HA68Y', 'HA68F']",A
248,6YWD,['DB57K'],B
249,6DC3,"['GL29S', 'YL32L', 'DL50E', 'VL51G']",L
250,4PS4,['DH56N'],H
251,6XPY,"['GB26S', 'GB27I', 'YB32S', 'YB32W']",B
252,6XPQ,['VB2L'],B
253,4XC1,"['AH33T', 'GH50R', 'LH54F', 'IH56T']",H
254,4XC3,"['AH33T', 'GH50R', 'LH54F', 'IH56T']",H
255,6IW0,"['GH27S', 'GH28I', 'YH31S', 'HH33Y', 'HH33W', 'YH54T']",H
256,6U1N,"['SL31I', 'AL33S']",L
257,7OLY,"['SH28Y', 'SH30G']",H
258,7WLC,"['TH33A', 'RH50G']",H
259,7RU8,"['AH33T', 'GH50R']",H
260,7AZB,"['SB74Y', 'AB84G']",B
261,2XWT,['DB50E'],B
262,2NY6,['LD3055F'],D
263,2NY5,['LH3055F'],H
264,2NY4,['LD3055F'],D
265,2NY1,['LD3055F'],D
266,2NY0,['LD3055F'],D
267,6QB6,['SH50Y'],H
268,6BCK,['WH50R'],H
269,6MF7,['IH52F'],H
270,7DHA,"['SC52Y', 'GC53S', 'SC54G', 'GC56S']",C
271,7K8U,"['GH26F', 'GH27S', 'SH28T', 'SH28G', 'GH31W', 'YH32S', 'EH50Y', 'NH52Y', 'NH52I', 'HH53Y']",H
272,7K8Y,['WG50R'],G
273,7L3N,"['AD33T', 'RD50G', 'LD55F', 'ID57T', 'KD74E']",D
274,6W00,['WH52S'],H
275,4P59,"['AH50V', 'SH53G']",H
276,7UCX,['YL31H'],L
277,1ADQ,['DL50Y'],L
278,6XPX,"['VB50F', 'SB52R']",B
279,7YDY,"['AH33T', 'LH55F', 'IH57T', 'KH74E']",H
280,7YDY,['TL71A'],L
281,7YDI,"['AH33T', 'LH55F', 'IH57T']",H
282,7YDI,['TL71A'],L
283,6Q18,"['GH26S', 'GH27I', 'SH31N', 'SH32W', 'SH32Y', 'NH33W', 'NH33Y', 'WH34S', 'HH54T']",H
284,6OCB,['YH34W'],H
285,6VY6,"['SH52Y', 'GH53S', 'SH54G', 'GH56S']",H
286,6VY5,"['SH52Y', 'GH53S', 'SH54G', 'GH56S']",H
287,5GRJ,"['YH52S', 'SH54G', 'GH56S']",H
288,5GRJ,"['YL34L', 'DL52E']",L
289,7XCP,"['SH31N', 'TH57P']",H
290,6GV4,['SH52Y'],H
291,5T33,['WH52S'],H
292,5T33,['EL50K'],L
293,5CZV,['TH33A'],H
294,2H32,['GH42R'],H
295,2F5B,['DH56N'],H
296,7WH8,"['RB50G', 'FB55L', 'TB57I']",B
297,4FQY,['FH54L'],H
298,4FQI,['FH54L'],H
299,6UYF,['FH54L'],H
300,5TE6,['WH50R'],H
301,7STR,"['SH31Y', 'YH33S', 'YH50R', 'YH53T']",H
302,2NY2,['LD3055F'],D
303,5U3J,['DH53N'],H
304,5U3O,['DH53N'],H
305,5U3N,['DH53N'],H
306,5U3M,['DH53N'],H
307,4UV7,"['GH53S', 'GH54S']",H
308,4UV7,['HL31Y'],L
309,5I8C,['WA50R'],A
310,5WT9,['WH52S'],H
311,2NY3,['LD3055F'],D
312,3K2U,['GH54C'],H
313,7E23,"['AB23G', 'VB24G', 'YB25S', 'GB26F', 'FB29V', 'FB29Y', 'SB30Y', 'YB32S']",B
314,7ZBU,"['GH33A', 'VH50F', 'SH52R']",H
315,4WY7,"['AH33T', 'GH50R', 'LH54F', 'IH56T']",H
316,5XXY,['SH52Y'],H
317,5OCC,"['SH52Y', 'GH53S', 'SH54G', 'GH56S']",H
318,7F9W,"['AB33T', 'RB50G', 'FB55L']",B
319,7LO8,"['SH78Y', 'SH80G']",H
320,7LO8,['QL114C'],L
321,4PY8,['RI98K'],I
322,4R4F,"['GH31W', 'EH50Y', 'YH59N']",H
323,6VUG,['WD55S'],D
324,7OW1,"['SH31R', 'HH35Y', 'WH52S']",H
325,5GHW,['RH50C'],H
326,1GC1,['LH55F'],H
327,5D70,['SH52Y'],H
328,5D71,['SH52Y'],H
329,3B2V,"['GH32Y', 'DH33Y', 'DH33G', 'YH35S']",H
330,7L5B,['WH50R'],H
331,7X92,['WH52S'],H
332,7ND8,"['TH57Y', 'YH59N']",H
333,7ND0,['YH50S'],H
334,7WSL,"['SH52Y', 'GH53S', 'GH54S', 'SH56G']",H
335,5GJS,"['SH31N', 'YH32S', 'YH32W', 'YH33N', 'YH33W', 'RH50E', 'RH50Y']",H
336,5GJS,['KL50D'],L
337,5GJT,"['SH31N', 'YH32S', 'YH32W', 'YH33N', 'YH33W', 'RH50E', 'RH50Y']",H
338,5GJT,['KL50D'],L
339,2R0K,['RH94K'],H
340,7X26,"['RH50G', 'LH55F', 'IH57T', 'KH74E']",H
341,6BKD,"['FH54L', 'TH56I']",H
342,4R4H,"['GH31W', 'EH50Y', 'HH53Y', 'YH59N']",H
343,7S0E,['SH52Y'],H
344,6BKC,['FH54L'],H
345,6BKB,"['FH54L', 'TH56I']",H
346,3W9E,"['FA55L', 'KA74E']",A
347,7X2A,"['RH50G', 'LH55F', 'IH57T', 'KH74E']",H
348,3GBN,"['FH54L', 'TH56I']",H
349,3IDX,['AH33G'],H
350,6Y97,"['RH50G', 'KH74E']",H
351,5CJQ,['FH54L'],H
352,6Y9A,['RH50G'],H
353,5VOB,"['FH50V', 'SH52R']",H
354,5VOC,"['FH50V', 'SH52R']",H
355,5VOD,['YL31H'],L
356,7TPJ,['RH101K'],H
357,7ENF,['SP52R'],P
358,7ENG,['SH52R'],H
359,7TPG,['RH101K'],H
360,7X90,"['VE50F', 'SE52R']",E
361,3IDI,['DB54N'],B
362,3IDJ,['DB54N'],B
363,3IDN,['DB54N'],B
364,4O58,['FH54L'],H
365,1G9N,['LH55F'],H
366,6O39,"['YB52S', 'SB52AG', 'SB53G', 'GB55S']",B
367,6W05,['WH52S'],H
368,7S6L,"['RH50G', 'LH54F']",H
369,7CM4,"['GH33E', 'YH60F', 'YH60H', 'KH66N', 'RH99H']",H
370,7CM4,['DL51E'],L
371,7VUX,['SH52Y'],H
372,7LCV,"['SA52Y', 'SA54G', 'GA56S']",A
373,6OKM,['TH30N'],H
374,2P8L,['DB54N'],B
375,2P8M,['DB54N'],B
376,6O3A,['YB50S'],B
377,2P8P,['DB54N'],B
378,5O4G,['TB30N'],B
379,7EPU,['DA773Y'],A
380,6D0X,"['SA31R', 'WA52S']",A
381,7U8L,['GH55S'],H
382,7U8J,['GH55S'],H
383,2DD8,"['TH33A', 'GH50R', 'LH54F', 'IH56T']",H
384,6NN3,['RH68L'],H
385,7E8M,['GH54C'],H
386,8DI5,['YH52S'],H
387,7XW7,['DB50E'],B
388,3EGS,['DB56N'],B
389,5UEK,"['SL30I', 'AL32S']",L
390,4XWG,['WH52S'],H
391,6APB,"['GH33E', 'RH50L', 'YH58F', 'YH58H']",H
392,5W42,['FH54L'],H
393,2VH5,['SH33E'],H
394,3Q1S,"['YH32W', 'YH32H', 'YH33S', 'YH53T']",H
395,6U38,['TL69R'],L
396,7JV2,['SL78L'],L
397,7TTY,"['QH1R', 'GH26S', 'GH27Y', 'SH28Y', 'SH30G']",H
398,7TTX,"['QH1R', 'GH26S', 'GH27Y', 'SH28Y', 'SH30G']",H
399,7F15,['IB51S'],B
400,3L5X,['DH56N'],H
401,3L5Y,['DH56N'],H
402,4OQT,"['SH54G', 'GH56S']",H
403,7TTM,"['QH1R', 'GH26S', 'GH27Y', 'SH28Y']",H
404,5EA0,"['GH33A', 'VH50F', 'SH52R']",H
405,3KR3,"['VH50A', 'SH52Y', 'SH53G', 'SH54G', 'GH56S']",H
406,7F1G,['TD218S'],D
407,7FJC,['DL50K'],L
408,6BQB,"['HH35Y', 'WH52S', 'KH94R']",H
409,6MTO,"['TH33A', 'GH50R', 'LH54F']",H
410,6MTT,"['TH33A', 'GH50R', 'LH54F', 'IH56T', 'AH71T']",H
411,6MTQ,"['TH33A', 'LH54F', 'KH73E']",H
412,5UCB,"['SL30I', 'AL32S']",L
413,7A3O,['DL50E'],L
414,6GG0,['GH33S'],H
415,4XNY,"['WH50R', 'QH61H', 'MH69S']",H
416,7YUE,"['AA52V', 'SA54Y']",A
417,5VAG,"['FC55L', 'TC57I']",C
418,7VKE,['AB61T'],B
419,6UCE,['WH50R'],H
420,8ERQ,['DH56N'],H
421,8ERQ,"['YL35L', 'EL53D']",L
422,7T0Z,"['SH52Y', 'GH53S', 'SH54G']",H
423,3GHE,"['GL29S', 'YL32L']",L
424,7PRZ,"['GH26A', 'KH98R']",H
425,3IDG,['AA32S'],A
426,3IDG,['DB54N'],B
427,6WHK,['DB51E'],B
428,7WVG,['SC82R'],C
429,7KPG,"['SH52Y', 'SH53G']",H
430,7D0B,['DH56N'],H
431,7BBG,"['FH55L', 'TH57I']",H
432,7BBG,['DL50K'],L
433,7DX4,"['AH34T', 'IH58T', 'KH75E']",H
434,7DX4,['TL71A'],L
435,7LXW,['WH52S'],H
436,7LXW,['DL49Y'],L
437,3DVG,"['SA30I', 'AA32S']",A
438,4JB9,['WH50R'],H
439,6YIO,['KL50D'],L
440,1NL0,"['AH33G', 'SH52R']",H
441,7CE2,"['YZ33S', 'YZ50R', 'YZ53T', 'NZ58Y']",Z
442,5WB9,['WH50R'],H
443,3D0L,['AA32S'],A
444,3D0L,['DB54N'],B
445,6YIO,"['AH33T', 'FH55L', 'EH74K']",H
446,6WFY,"['DH31Y', 'AH33P']",H
447,6WFX,"['SH31R', 'WH52S']",H
448,7X8W,['WH50R'],H
449,5VZY,['SH52AG'],H
450,2B4C,"['FH54L', 'TH56I']",H
451,8DCE,['YH190L'],H
452,7F7E,['SC68G'],C
453,3UJJ,['EL50K'],L
454,6AL5,['EH74K'],H
455,4YDI,"['WH50R', 'HH61Q']",H
456,4YDK,['GH55S'],H
457,5Y9J,"['FH55L', 'TH57I']",H
458,5IGX,"['WH50R', 'QH61H']",H
459,7SK9,"['SF55Y', 'SF57G']",F
460,7SK6,"['SF55Y', 'SF57G']",F
461,5KJR,['GH33S'],H
462,5KJR,"['GL29S', 'YL32L']",L
463,6UOE,"['SH52R', 'RH94K']",H
464,3MOD,['DH54N'],H
465,3MOA,['DH54N'],H
466,3MOB,['DH54N'],H
467,4LSU,['WH50R'],H
468,4LSV,['WH50R'],H
469,4LSQ,['WH50R'],H
470,4LSP,['WH50R'],H
471,4LSR,['WH50R'],H
472,7DAA,['DL51K'],L
473,7CDJ,"['GH55S', 'TH57Y', 'YH59N']",H
474,7CDI,['GH54C'],H
475,7MZL,"['GH26F', 'TH28S', 'TH28G', 'SH30Y', 'GH31W', 'YH32S', 'EH50Y']",H
476,7MZM,"['SH55G', 'TH58I', 'NH59Y']",H
477,4NZR,"['QH1R', 'GH26S']",H
478,4NZT,"['AL43G', 'PL59L']",L
479,3DRO,['DB54N'],B
480,3DRQ,['DB54N'],B
481,3DRT,['DB54N'],B
482,7WE8,['DH56N'],H
483,7WE8,"['GL32S', 'YL35L', 'EL53D', 'NL63D']",L
484,6XY2,"['YH50R', 'YH53T', 'NH58Y']",H
485,7WEE,['DH56N'],H
486,7WEE,['YL35L'],L
487,5IES,"['WH50R', 'QH61H']",H
488,4EDW,"['YH32S', 'YH32W']",H
489,7KTX,"['YI27S', 'GI28F', 'GI29S', 'SI30T', 'SI30G', 'FI31V', 'FI31Y', 'SI32Y', 'GI33W', 'YI34S', 'NI54Y', 'NI54I', 'HI55Y']",I
490,7MZF,['GH54C'],H
491,7MZG,['GH54C'],H
492,7MZI,"['AH50V', 'SH52Y']",H
493,7SIX,"['TH75K', 'TH75P']",H
494,3LEV,['DH54N'],H
495,6PDU,['HL30AY'],L
496,4JDT,"['WH50R', 'QH61H', 'MH69S']",H
497,1RZK,['LH54F'],H
498,1RZJ,['LH54F'],H
499,2XRA,"['AH33T', 'FH54L', 'IH56T']",H
500,4FQJ,['RL50S'],L
501,7CHZ,['GH56S'],H
502,6Q0L,"['GH26S', 'GH27I', 'SH31N', 'SH32W', 'SH32Y', 'NH33W', 'NH33Y', 'WH34S', 'HH54T']",H
503,4N0Y,['IH51S'],H
504,6W7S,['GH28A'],H
505,5TFW,['RH50C'],H
506,1U95,['DB54N'],B
507,1U91,['DB54N'],B
508,1U93,['DB54N'],B
509,1U92,['DB54N'],B
510,4G6J,"['WH52S', 'RH98K']",H
511,4G6M,['DH56N'],H
512,7SOD,"['GH26A', 'GH33A', 'RH52S']",H
513,7SO5,"['SH30Y', 'NH52Y', 'NH52I', 'YH53H']",H
514,4RQS,['LD54F'],D
515,4DGY,['WH52S'],H
516,4DGV,['WH52S'],H
517,6R2S,['KA69D'],A
518,6R2S,"['GB45S', 'GB46Y']",B
519,4RWY,['NH30T'],H
520,2YSS,"['SB31Y', 'YB33S', 'YB50R', 'YB53T', 'YB58N']",B
521,7DK0,"['RA50G', 'FA55L']",A
522,6MEH,['AH33T'],H
523,6MEI,['EH73K'],H
524,7XXL,['YC34L'],C
525,7N0A,"['FB29C', 'KB52E', 'DB56N']",B
526,2B0S,['RL50S'],L
527,7SSC,"['SH52R', 'RH94K']",H
528,5XWD,['YD50D'],D
529,5XWD,['SH30G'],H
530,2FX7,"['AH33T', 'GH50R', 'LH54F', 'IH56T']",H
531,2NXY,['LD3055F'],D
532,7KCR,"['FH50V', 'RH52S']",H
533,6TOU,"['SA33G', 'YA50C']",A
534,4XBE,"['AH33T', 'GH50R', 'LH54F', 'IH56T']",H
535,4JHW,['LH54F'],H
536,7WON,['RH98K'],H
537,7WOG,"['SA52Y', 'SA54G', 'GA56S']",A
538,7WOC,"['LA55F', 'IA57T', 'KA74E']",A
539,7DM2,['RL54S'],L
540,6VC9,"['NH31S', 'YH33N', 'YH33W', 'RH50E', 'RH50Y']",H
541,4Z0X,"['GB75R', 'FB80L', 'TB82I']",B
542,7RP3,"['GH26S', 'GH27I', 'SH31N', 'SH32W', 'SH32Y', 'NH33W', 'NH33Y', 'HH53T']",H
543,2VXQ,['GH32S'],H
544,6W16,"['GH27A', 'GH38A']",H
545,7MRZ,"['SX28Y', 'SX30G']",X
546,8DFH,['RH52S'],H
547,8DFH,['RL51S'],L
548,8DFI,"['FH50V', 'RH52S']",H
549,8DFI,['RL51S'],L
550,8D36,['RH50W'],H
551,6IVZ,"['GH27S', 'GH28I', 'YH31S', 'HH33Y', 'HH33W', 'YH54T']",H
552,3LZF,"['GH33E', 'LH50R']",H
553,6XQW,['EH50Y'],H
554,6XQW,['RL50S'],L
555,3MAC,"['AH33T', 'FH54L']",H
556,7A3U,"['DL50E', 'VL51G']",L
557,7A3N,['DL50E'],L
558,4I3R,['WH50R'],H
559,4I3S,['WH50R'],H
560,4ERS,"['SL10A', 'LL11M']",L
561,7N4I,['SH75P'],H
562,7N4N,['TD218S'],D
563,7N4L,"['VH50F', 'SH52R']",H
564,4HKX,['WA50R'],A
565,1G9M,['LH55F'],H
566,3MA9,"['AH33T', 'FH54L', 'TH56I', 'EH73K']",H
567,5SY8,['RH50C'],H
568,7YE5,"['AH33T', 'LH55F', 'IH57T', 'KH74E']",H
569,7YE5,['TL71A'],L
570,6AXK,"['HA35Y', 'WA52S', 'RA94K']",A
571,7SWP,"['GH26A', 'RH98K']",H
572,6Q0O,"['SZ31N', 'SZ32W', 'SZ32Y', 'WZ34S', 'HZ54T']",Z
573,7SWO,['GH54C'],H
574,6Q0I,"['SH31N', 'SH32W', 'SH32Y', 'NH33W', 'NH33Y', 'WH34S', 'HH54T']",H
575,6Q0H,"['SH31N', 'SH32W', 'SH32Y', 'WH34S', 'HH54T']",H
576,6Q0E,"['SH31N', 'SH32W', 'SH32Y', 'HH54T']",H
577,7CWO,"['AH33G', 'VH50F', 'SH52R', 'RH98K']",H
578,3R1G,['SH52Y'],H
579,8E7M,"['SH52Y', 'GH53S', 'SH54G']",H
580,8E7M,"['SL30R', 'YL32D']",L
581,7SOA,"['GH26A', 'RH52S']",H
582,3D0V,['DB54N'],B
583,7LJR,"['RS69G', 'FS74L', 'IS76T']",S
584,6YXK,['WA50R'],A
585,5T29,"['RH50C', 'DH58N']",H
586,4XMP,['WH50R'],H
587,7NCS,['YH50S'],H
588,3NPS,['FB54L'],B
589,5IQ7,['RH50C'],H
590,5OCK,['DL51E'],L
591,7WTG,"['AH33T', 'GH50R', 'FH55L', 'TH57I']",H
592,7WTG,"['RL30S', 'DL32Y']",L
593,7WTH,['DH56N'],H
594,7WTH,"['YL34L', 'EL52D']",L
595,6H2Y,['FH55L'],H
596,6H2Y,['YL49D'],L
597,3SO3,"['AC50V', 'SC52Y', 'GC52AS', 'SC53G', 'GC55S']",C
598,3SE8,['WH50R'],H
